{
    "Москва": [55.7558, 37.6176],
    "Лондон": [51.5074, -0.1278],
    "Париж": [48.8566, 2.3522],
    "Нью-Йорк": [40.7128, -74.0060],
    "Лос-Анджелес": [34.0522, -118.2437],
    "Токио": [35.6895, 139.6917],
    "Берлин": [52.5200, 13.4050],
    "Рим": [41.9028, 12.4964],
    "Мадрид": [40.4168, -3.7038],
    "Торонто": [43.651070, -79.347015],
    "Сидней": [33.8688, 151.2093],
    "Пекин": [39.9042, 116.4074],
    "Дели": [28.7041, 77.1025],
    "Стамбул": [41.0082, 28.9784],
    "Кейптаун": [33.9249, 18.4241]
}
